-- phpMyAdmin SQL Dump
-- version 5.1.2
-- https://www.phpmyadmin.net/
--
-- Host: localhost:3306
-- Generation Time: Jun 07, 2022 at 03:46 PM
-- Server version: 5.7.24
-- PHP Version: 8.0.1

SET SQL_MODE = "NO_AUTO_VALUE_ON_ZERO";
START TRANSACTION;
SET time_zone = "+00:00";


/*!40101 SET @OLD_CHARACTER_SET_CLIENT=@@CHARACTER_SET_CLIENT */;
/*!40101 SET @OLD_CHARACTER_SET_RESULTS=@@CHARACTER_SET_RESULTS */;
/*!40101 SET @OLD_COLLATION_CONNECTION=@@COLLATION_CONNECTION */;
/*!40101 SET NAMES utf8mb4 */;

--
-- Database: `test`
--

-- --------------------------------------------------------

--
-- Table structure for table `answer`
--

CREATE TABLE `answer` (
  `id` int(11) NOT NULL,
  `question_id` int(11) NOT NULL,
  `answer` varchar(255) NOT NULL,
  `score` int(11) NOT NULL
) ENGINE=InnoDB DEFAULT CHARSET=utf8;

--
-- Dumping data for table `answer`
--

INSERT INTO `answer` (`id`, `question_id`, `answer`, `score`) VALUES
(76, 33, 'Квартал', 0),
(77, 33, 'селитебная', 1),
(78, 33, 'центральная часть', 0),
(79, 33, 'система городских магистралей', 0),
(80, 33, 'общественный центр', 0),
(81, 34, 'резервные территории', 1),
(82, 34, 'зоны режимных территорий', 0),
(83, 34, 'санитарно-защитная зона', 0),
(84, 34, 'зона специального назначения', 0),
(85, 34, 'рекреационная зона', 0),
(86, 35, 'резервные территории', 0),
(87, 35, 'зоны режимных территорий', 0),
(88, 35, 'рекреационная зона', 0),
(89, 35, 'санитарно-защитная зона', 0),
(90, 35, 'зона специального назначения', 1),
(91, 36, 'зона специального назначения', 0),
(92, 36, 'резервные территории', 0),
(93, 36, 'зоны режимных территорий', 0),
(94, 36, 'рекреационная зона', 1),
(95, 36, 'санитарно-защитная зона', 0),
(96, 37, 'санитарно-защитная зона', 1),
(97, 37, 'рекреационная зона', 0),
(98, 37, 'зоны режимных территорий', 0),
(99, 37, 'резервные территории', 0),
(100, 37, 'зона специального назначения', 0),
(101, 38, 'санитарно-защитная зона', 0),
(102, 38, 'селитебная зона', 1),
(103, 38, 'рекреационная зона', 0),
(104, 38, 'зона специального назначения', 0),
(105, 38, 'зона специального назначения', 0),
(106, 39, 'санитарно-защитная зона', 0),
(107, 39, 'селитебная зона', 0),
(108, 39, 'рекреационная зона', 0),
(109, 39, 'промышленная зона', 1),
(110, 39, 'зона специального назначения', 0),
(111, 40, 'поймы реки Есиль', 1),
(112, 40, 'левобережной зоны города', 0),
(113, 40, 'правобережной зоны города', 0),
(114, 40, 'притокам Ак-Булак и Сары-Булак', 0),
(115, 40, 'озелененной территории дамб', 0),
(116, 41, '0,1-0,3 м/с', 0),
(117, 41, '0,5-3 м/с', 1),
(118, 41, '3,5-5 м/с', 0),
(119, 41, '5-6 м/с', 0),
(120, 41, '8-9 м/с', 0),
(121, 42, 'Гребной канал - Алатау', 0),
(122, 42, 'городище «Бозок»', 1),
(123, 42, 'комплекс «Золотой фазан»', 0),
(124, 42, 'парк «Президентский»', 0),
(125, 42, 'комплекс «Хан-Шатыр»', 0),
(126, 43, 'Гребной канал - Алатау', 1),
(127, 43, 'городище «Бозок»', 0),
(128, 43, 'комплекс «Золотой фазан»', 0),
(129, 43, 'парк «Президентский»', 0),
(130, 43, 'комплекс «Хан-Шатыр»', 0),
(131, 44, 'Гребной канал - Алатау', 0),
(132, 44, 'городище «Бозок»', 0),
(133, 44, 'комплекс «Золотой фазан»', 1),
(134, 44, 'парк «Президентский»', 0),
(135, 44, 'комплекс «Хан-Шатыр»', 0),
(136, 45, 'Гребной канал - Алатау', 0),
(137, 45, 'городище «Бозок»', 0),
(138, 45, 'комплекс «Золотой фазан»', 0),
(139, 45, 'парк «Президентский»', 1),
(140, 45, 'комплекс «Хан-Шатыр»', 0),
(141, 46, 'рекреационно-оздоровительная прогулочная зона', 1),
(142, 46, 'рекреационно-оздоровительная купально-пляжная зона', 0),
(143, 46, 'рекреационно-познавательно-культурная зона', 0),
(144, 46, 'рекреационно-спортивно-рыболовная зона', 0),
(145, 46, 'рекреационно-спортивно-соревновательная зона', 0),
(146, 47, 'рекреационно-оздоровительная прогулочная зона', 0),
(147, 47, 'рекреационно-познавательно-культурная зона', 1),
(148, 47, 'рекреационно-оздоровительная купально-пляжная зона', 0),
(149, 47, 'рекреационно-спортивно-рыболовная зона', 0),
(150, 47, 'рекреационно-спортивно-соревновательная зона', 0),
(151, 48, 'рекреационно-оздоровительная прогулочная зона', 0),
(152, 48, 'рекреационно-познавательно-культурная зона', 0),
(153, 48, 'рекреационно-спортивно-соревновательная зона', 1),
(154, 48, 'рекреационно-оздоровительная купально-пляжная зона', 0),
(155, 48, 'рекреационно-спортивно-рыболовная зона', 0),
(156, 49, 'рекреационно-оздоровительная прогулочная зона', 0),
(157, 49, 'рекреационно-познавательно-культурная зона', 0),
(158, 49, 'рекреационно-спортивно-рыболовная зона', 1),
(159, 49, 'рекреационно-оздоровительная купально-пляжная зона', 0),
(160, 49, 'рекреационно-спортивно-соревновательная зона', 0),
(161, 50, 'рекреационно-оздоровительная прогулочная зона', 0),
(162, 50, 'рекреационно-познавательно-культурная зона', 0),
(163, 50, 'рекреационно-оздоровительная купально-пляжная зона', 1),
(164, 50, 'рекреационно-спортивно-рыболовная зона', 0),
(165, 50, 'рекреационно-спортивно-соревновательная зона', 0),
(166, 51, 'урбанизация', 1),
(167, 51, 'агломерация', 0),
(168, 51, 'доминация', 0),
(169, 51, 'синантропизация', 0),
(170, 51, 'рурализация', 0),
(171, 52, 'Гуджарат (Gujarat, Индия)', 0),
(172, 52, 'Сонгдо (Songdo, Южная Корея)', 1),
(173, 52, 'Путраджая (Putrajaya, Индия)', 0),
(174, 52, 'Кларк Грин (Clark Green City, Филиппины)', 0),
(175, 52, 'Калгари (Calgary, Канада)', 0),
(176, 53, 'smart-технологий', 0),
(177, 53, 'техногенных местообитаний', 1),
(178, 53, 'природных парков', 0),
(179, 53, 'аборигенных дикоросов', 0),
(180, 53, '«зеленых» технологий', 0),
(181, 54, 'рокарий', 1),
(182, 54, 'альпинарий', 0),
(183, 54, 'рабатка', 0),
(184, 54, 'клумба', 0),
(185, 54, 'дендропарк', 0),
(186, 55, 'рокарий', 0),
(187, 55, 'альпинарий', 1),
(188, 55, 'рабатка', 0),
(189, 55, 'клумба', 0),
(190, 55, 'дендропарк', 0),
(191, 56, 'масштабное ландшафтное озеленение', 0),
(192, 56, 'постоянные посадки', 0),
(193, 56, 'темпоральные посадки', 1),
(194, 56, '«цветные ландшафты»', 0),
(195, 56, 'центры «выходного дня»', 0),
(196, 57, 'темпоральные посадки', 0),
(197, 57, 'масштабное ландшафтное озеленение', 0),
(198, 57, 'постоянные посадки', 0),
(199, 57, 'центры «выходного дня»', 1),
(200, 57, '«цветные ландшафты»', 0),
(201, 58, 'темпоральные посадки', 0),
(202, 58, '«цветные ландшафты»', 1),
(203, 58, 'масштабное ландшафтное озеленение', 0),
(204, 58, 'постоянные посадки', 0),
(205, 58, 'центры «выходного дня»', 0),
(206, 59, 'масштабное ландшафтное озеленение', 1),
(207, 59, '«цветные ландшафты»', 0),
(208, 59, 'темпоральные посадки', 0),
(209, 59, 'постоянные посадки', 0),
(210, 59, 'центры «выходного дня»', 0),
(211, 60, 'научно-исследовательский институт', 0),
(212, 60, 'ботанический сад', 1),
(213, 60, 'интродукционный питомник', 0),
(214, 60, 'коллекционный питомник', 0),
(215, 60, 'зимний сад', 0),
(216, 61, 'сирингарий', 0),
(217, 61, 'розарий', 1),
(218, 61, 'пионарий', 0),
(219, 61, 'тюльпанарий', 0),
(220, 61, 'георгинарий', 0),
(221, 62, 'Ботанического сада им. академика А.В. Фомина', 0),
(222, 62, 'Национального ботанического сада им. Н.Н. Гришко', 0),
(223, 62, 'Ботанического сада МГУ им. М.В. Ломоносова', 1),
(224, 62, 'Никитского ботанического сада (НБС)', 0),
(225, 62, 'Главного ботанического сада им. Н.В.Цицина РАН', 0),
(226, 63, 'Ботанического сада им. академика А.В. Фомина', 0),
(227, 63, 'Национального ботанического сада им. Н.Н. Гришко', 0),
(228, 63, 'Ботанического сада МГУ им. М.В. Ломоносова', 1),
(229, 63, 'Никитского ботанического сада (НБС)', 0),
(230, 63, 'Главного ботанического сада им. Н.В.Цицина РАН', 0),
(231, 64, 'пинцировка', 0),
(232, 64, 'делектус', 1),
(233, 64, 'габитус', 0),
(234, 64, 'гуттация', 0),
(235, 64, 'фумигация', 0),
(236, 65, 'Болотоцветник щитолистный - Nymphoides peltata (S.G. Gmel.) O. Kuntze.', 0),
(237, 65, 'Ирис ложноаировый - Iris pseudacorus L.', 1),
(238, 65, 'Кубышка желтая - Nuphur lutea (L.) Smith', 0),
(239, 65, 'Кувшинка белая - Nymphaea alba L.', 0),
(240, 65, 'Горец земноводный - Persicaria amphibia L.', 0),
(241, 66, 'Кубышка желтая - Nuphur lutea (L.) Smith', 0),
(242, 66, 'Ирис ложноаировый - Iris pseudacorus L.', 0),
(243, 66, 'Калужница болотная - Caltha palustris L.', 0),
(244, 66, 'Горец земноводный - Persicaria amphibia L.', 1),
(245, 66, 'Кувшинка белая - Nymphaea alba L.', 0),
(246, 67, 'Кувшинка белая - Nymphaea alba L.', 1),
(247, 67, 'Ирис ложноаировый - Iris pseudacorus L.', 0),
(248, 67, 'Частуха обыкновенная - Alisma plantago-aquatica L.', 0),
(249, 67, 'Горец земноводный - Persicaria amphibia L.', 0),
(250, 67, 'Гладиолус болотный - Gladiolus palustris L.', 0),
(251, 68, 'декоративно-кустарниковые растения', 0),
(252, 68, 'цветочно-декоративные растения', 1),
(253, 68, 'декоративно-широколиственные растения', 0),
(254, 68, 'вечнозеленые растения', 0),
(255, 68, 'суккуленты', 0),
(256, 69, '60', 0),
(257, 69, '100', 0),
(258, 69, '125', 1),
(259, 69, '215', 0),
(260, 69, '250', 0),
(261, 70, 'морфологические особенности', 1),
(262, 70, 'биологические особенности', 0),
(263, 70, 'наследственные признаки', 0),
(264, 70, 'хозяйственно-биологические признаки', 0),
(265, 70, 'экологические особенности', 0),
(266, 71, 'габитусом растения', 0),
(267, 71, 'количеством и расположением цветков и соцветий', 0),
(268, 71, 'репродуктивной способностью', 1),
(269, 71, 'окраской и формой плодов', 0),
(270, 71, 'прочностью цветоносов', 0),
(271, 72, 'дельфиниумы', 0),
(272, 72, 'сингониум', 0),
(273, 72, 'гибискус', 0),
(274, 72, 'алиссиум', 0),
(275, 72, 'герберы', 1),
(276, 73, 'герберы', 0),
(277, 73, 'гипсофилла', 1),
(278, 73, 'дельфиниумы', 0),
(279, 73, 'сингониум', 0),
(280, 73, 'алиссиум', 0),
(281, 74, 'фаленопсис', 0),
(282, 74, 'кермек', 0),
(283, 74, 'календула', 1),
(284, 74, 'гербера', 0),
(285, 74, 'хризантема', 0),
(286, 75, 'инжир', 1),
(287, 75, 'календула', 0),
(288, 75, 'фаленопсис', 0),
(289, 75, 'кермек', 0),
(290, 75, 'сингониум', 0),
(291, 76, 'лилия и гладиолус', 0),
(292, 76, 'лилия и роза', 0),
(293, 76, 'лотос и роза', 1),
(294, 76, 'лотос и папирус', 0),
(295, 76, 'роза и шиповник', 0),
(296, 77, 'Голландии', 0),
(297, 77, 'Малой Азии', 1),
(298, 77, 'Южной Америки', 0),
(299, 77, 'Египта', 0),
(300, 77, 'Китая', 0),
(301, 78, 'барбариса', 0),
(302, 78, 'мятлика', 0),
(303, 78, 'гладиолуса', 1),
(304, 78, 'плюща', 0),
(305, 78, 'сирени', 0),
(306, 79, 'корневище', 1),
(307, 79, 'корневой клубень', 0),
(308, 79, 'черешок', 0),
(309, 79, 'клубнелуковица', 0),
(310, 79, 'луковица', 0),
(311, 80, 'пеларгония', 0),
(312, 80, 'камелия', 0),
(313, 80, 'орхидея', 0),
(314, 80, 'пальма китайская', 0),
(315, 80, 'колеус', 1),
(316, 81, 'севооборот', 0),
(317, 81, 'расстановка', 0),
(318, 81, 'темпоральная посадка', 0),
(319, 81, 'рамооборот', 0),
(320, 81, 'культурооборот', 1),
(321, 82, 'сирень', 0),
(322, 82, 'нарцисс', 0),
(323, 82, 'фикус', 0),
(324, 82, 'хризантема', 1),
(325, 82, 'араукария', 0),
(326, 83, 'тюльпан', 1),
(327, 83, 'петуния', 0),
(328, 83, 'араукария', 0),
(329, 83, 'спатифиллум', 0),
(330, 83, 'гвоздика', 0),
(331, 84, 'аквилегия', 0),
(332, 84, 'роза', 0),
(333, 84, 'ирис', 0),
(334, 84, 'астра', 0),
(335, 84, 'папоротник', 1),
(336, 85, 'незабудка', 1),
(337, 85, 'астра', 0),
(338, 85, 'тагетес', 0),
(339, 85, 'роза', 0),
(340, 85, 'папоротник', 0),
(341, 86, 'папоротники', 0),
(342, 86, 'астильба', 0),
(343, 86, 'бархатцы', 1),
(344, 86, 'ирис', 0),
(345, 86, 'плющ', 0),
(346, 87, 'фотосинтез', 0),
(347, 87, 'синергизм', 0),
(348, 87, 'резорбтивность', 0),
(349, 87, 'фотопериодизм', 1),
(350, 87, 'реверсия', 0),
(351, 88, 'нейтральные', 0),
(352, 88, 'сциофиты', 0),
(353, 88, 'гелиофиты', 1),
(354, 88, 'ксерофиты', 0),
(355, 88, 'мезофиты', 0),
(356, 89, 'зимостойких', 0),
(357, 89, 'нейтральных', 0),
(358, 89, 'холодостойких', 1),
(359, 89, 'оранжерейных', 0),
(360, 89, 'теплолюбивых', 0),
(361, 90, 'теплолюбивые', 1),
(362, 90, 'холодостойкие', 0),
(363, 90, 'зимостойкие', 0),
(364, 90, 'нейтральные', 0),
(365, 90, 'оранжерейные', 0),
(366, 91, '5–10°С', 0),
(367, 91, '10–15°С', 0),
(368, 91, '20–25°С', 0),
(369, 91, '30–35°С', 1),
(370, 91, '37–44°С', 0),
(371, 92, '0–5°С', 0),
(372, 92, '9–16°С', 0),
(373, 92, '15–20°С', 0),
(374, 92, '25–31°С', 1),
(375, 92, '37–44°С', 0),
(376, 93, '0–1°С', 0),
(377, 93, '2–3°С', 1),
(378, 93, '3–4°С', 0),
(379, 93, '3–5°С', 0),
(380, 93, '6–8°С', 0),
(381, 94, '2–3°С', 0),
(382, 94, '5–7°С', 0),
(383, 94, '8–9°С', 0),
(384, 94, '10–15°С', 1),
(385, 94, '16–18°С', 0),
(386, 95, '3–5%', 0),
(387, 95, '6–10%', 0),
(388, 95, '13–18%', 0),
(389, 95, '20–35%', 1),
(390, 95, '40–50%', 0),
(391, 96, 'листовая', 1),
(392, 96, 'дерновая', 0),
(393, 96, 'компостная', 0),
(394, 96, 'перегнойная', 0),
(395, 96, 'торфяная', 0),
(396, 97, 'листовая', 0),
(397, 97, 'дерновая', 1),
(398, 97, 'компостная', 0),
(399, 97, 'перегнойная', 0),
(400, 97, 'торфяная', 0),
(401, 98, 'битоксибациллин', 0),
(402, 98, 'импакт', 0),
(403, 98, 'лепидоцид', 0),
(404, 98, 'фитоспорин', 1),
(405, 98, 'актарофит', 0),
(406, 99, 'хризантема', 0),
(407, 99, 'гвоздика', 0),
(408, 99, 'гортензия', 0),
(409, 99, 'цикламен', 0),
(410, 99, 'орхидея', 1),
(411, 100, 'аспарагус', 0),
(412, 100, 'колокольчик', 0),
(413, 100, 'калла', 0),
(414, 100, 'роза', 1),
(415, 100, 'азалия', 0),
(416, 101, 'азалия', 1),
(417, 101, 'агератум', 0),
(418, 101, 'роза', 0),
(419, 101, 'калла', 0),
(420, 101, 'колокольчик', 0),
(421, 102, 'керамзит', 0),
(422, 102, 'перлит', 0),
(423, 102, 'вермикулит', 0),
(424, 102, 'торф', 1),
(425, 102, 'поровинил', 0),
(426, 103, 'мох', 0),
(427, 103, 'торф', 0),
(428, 103, 'опилки', 0),
(429, 103, 'смесь вермикулита и керамзита', 0),
(430, 103, 'керамзит', 1),
(431, 104, 'петуния', 0),
(432, 104, 'алиссиум', 0),
(433, 104, 'агератум', 0),
(434, 104, 'виола', 0),
(435, 104, 'роза', 1),
(436, 105, 'пион', 1),
(437, 105, 'пион', 0),
(438, 105, 'агератум', 0),
(439, 105, 'тагетис', 0),
(440, 105, 'душистый горошек', 0),
(441, 106, 'гербигация', 0),
(442, 106, 'стратификация', 1),
(443, 106, 'опрыскивание', 0),
(444, 106, 'пролифирация', 0),
(445, 106, 'гуттация', 0),
(446, 107, 'стратификация', 1),
(447, 107, 'скарификация', 0),
(448, 107, 'барботирование', 0),
(449, 107, 'гуттация', 0),
(450, 107, 'пролиферация', 0),
(451, 108, 'пинцировка', 0),
(452, 108, 'гербигация', 0),
(453, 108, 'гуттация', 0),
(454, 108, 'дражирование', 0),
(455, 108, 'пикировка', 1),
(456, 109, 'при температуре 10-12°С', 0),
(457, 109, 'при температуре 20-26°С', 0),
(458, 109, 'после появления двух настоящих листьев', 1),
(459, 109, 'в период стеблевания', 0),
(460, 109, 'в период бутонизации', 0),
(461, 110, 'петунию', 0),
(462, 110, 'гипсофиллу', 1),
(463, 110, 'лобелию', 0),
(464, 110, 'бархатцы', 0),
(465, 110, 'тагетес', 0),
(466, 111, '0,5–1', 0),
(467, 111, '2–3', 1),
(468, 111, '3–4', 0),
(469, 111, '4-5', 0),
(470, 111, 'поверхностный рассев', 0),
(471, 112, '0,5-1', 1),
(472, 112, '2-3', 0),
(473, 112, '3-4', 0),
(474, 112, '4-5', 0),
(475, 112, 'поверхностный рассев', 0),
(476, 113, 'сверху покрывают стеклом', 1),
(477, 113, 'выставляют в прохладное помещение', 0),
(478, 113, 'поддерживают температуру около 30-35°С', 0),
(479, 113, 'поддерживают температуру около 12-15°С', 0),
(480, 113, 'проводят дражирование семян', 0),
(481, 114, 'стратификация', 0),
(482, 114, 'дражирование', 1),
(483, 114, 'скарификация', 0),
(484, 114, 'гербигация', 0),
(485, 114, 'пинцировка', 0),
(486, 115, 'полевая всхожесть', 0),
(487, 115, 'посевная годность', 0),
(488, 115, 'норма высева', 1),
(489, 115, 'чистота семян', 0),
(490, 115, 'энергия прорастания', 0),
(491, 116, 'настурция', 0),
(492, 116, 'календула', 0),
(493, 116, 'астра', 0),
(494, 116, 'левкои', 0),
(495, 116, 'сирень', 1),
(496, 117, 'настурции', 0),
(497, 117, 'гиацинта', 1),
(498, 117, 'колеусов', 0),
(499, 117, 'календулы', 0),
(500, 117, 'георгина', 0),
(501, 118, 'гиацинта', 0),
(502, 118, 'настурции', 0),
(503, 118, 'колеусов', 0),
(504, 118, 'георгина', 1),
(505, 118, 'календулы', 0),
(506, 119, 'до весеннего прорастания клубней', 1),
(507, 119, 'до весеннего прорастания клубней', 0),
(508, 119, 'в период вегетации', 0),
(509, 119, 'в середине периода хранения', 0),
(510, 119, 'в начале периода хранения', 0),
(511, 120, 'толченым углем', 1),
(512, 120, 'перемолотой известью', 0),
(513, 120, 'мелкоизмельченным керамзитом', 0),
(514, 120, 'вермикулитом', 0),
(515, 120, 'просеянным торфом', 0),
(516, 121, 'размножение зелеными черенками', 0),
(517, 121, 'размножение отрезками корневищ', 0),
(518, 121, 'размножение воздушными отводками', 0),
(519, 121, 'размножение горизонтальными отводками', 0),
(520, 121, 'размножение усами', 1),
(521, 122, 'зеленые черенки', 0),
(522, 122, 'корневые черенки', 0),
(523, 122, 'листовые черенки', 0),
(524, 122, 'отводки', 1),
(525, 122, 'подвой', 0),
(526, 123, 'прививка', 1),
(527, 123, 'пинцировка', 0),
(528, 123, 'черенкование', 0),
(529, 123, 'размножение отводками', 0),
(530, 123, 'микроклональное размножение', 0),
(531, 124, 'мульчирование', 1),
(532, 124, 'боронование', 0),
(533, 124, 'вспашка', 0),
(534, 124, 'прополка', 0),
(535, 124, 'внесение удобрений', 0),
(536, 125, 'гербигация', 0),
(537, 125, 'подкормка', 1),
(538, 125, 'дождевание', 0),
(539, 125, 'мульчирование', 0),
(540, 125, 'известкование', 0),
(541, 126, 'избирательного действия', 0),
(542, 126, 'сплошного действия', 0),
(543, 126, 'системного действия', 1),
(544, 126, 'фумигационного действия', 0),
(545, 126, 'контактного действия', 0),
(546, 127, 'рыхление', 0),
(547, 127, 'прополка', 1),
(548, 127, 'гербигация', 0),
(549, 127, 'мульчирование', 0),
(550, 127, 'перевалка', 0),
(551, 128, 'перевалка', 1),
(552, 128, 'прополка', 0),
(553, 128, 'гербигация', 0),
(554, 128, 'рыхление', 0),
(555, 128, 'мульчирование', 0),
(556, 129, 'рыхление', 1),
(557, 129, 'перевалка', 0),
(558, 129, 'прополка', 0),
(559, 129, 'гербигация', 0),
(560, 129, 'мульчирование', 0),
(561, 130, 'деформация', 0),
(562, 130, 'скарификация', 0),
(563, 130, 'пикировка', 0),
(564, 130, 'пасынкование', 0),
(565, 130, 'прищипка', 1),
(566, 131, 'пикировка', 0),
(567, 131, 'пинцировка', 1),
(568, 131, 'перевалка', 0),
(569, 131, 'гуттация', 0),
(570, 131, 'скарификация', 0),
(571, 132, '1-2 см', 0),
(572, 132, '2-3 см', 0),
(573, 132, '3-5 см', 1),
(574, 132, '5-8 см', 0),
(575, 132, '6-9 см', 0),
(576, 133, 'обрезка', 1),
(577, 133, 'гуттация', 0),
(578, 133, 'пикировка', 0),
(579, 133, 'пинцировка', 0),
(580, 133, 'пасынкование', 0),
(581, 134, 'обрезка', 0),
(582, 134, 'пасынкование', 0),
(583, 134, 'стрижка', 1),
(584, 134, 'пинцировка', 0),
(585, 134, 'пикировка', 0),
(586, 135, 'пинцировка', 0),
(587, 135, 'пикировка', 0),
(588, 135, 'дождевание', 0),
(589, 135, 'пасынкование', 1),
(590, 135, 'деформация', 0),
(591, 136, 'гербициды', 0),
(592, 136, 'фунгициды', 0),
(593, 136, 'овициды', 0),
(594, 136, 'репелленты', 0),
(595, 136, 'регуляторы роста', 1),
(596, 137, 'газон', 0),
(597, 137, 'альпинарий', 0),
(598, 137, 'бордюр', 1),
(599, 137, 'рокарий', 0),
(600, 137, 'рабатка', 0),
(601, 138, 'газон', 0),
(602, 138, 'альпинарий', 0),
(603, 138, 'бордюр', 0),
(604, 138, 'рокарий', 0),
(605, 138, 'рабатка', 1),
(606, 139, 'арабеска', 1),
(607, 139, 'бордюр', 0),
(608, 139, 'газон', 0),
(609, 139, 'альпинарий', 0),
(610, 139, 'рабатка', 0),
(611, 140, 'арабеска', 0),
(612, 140, 'клумба', 1),
(613, 140, 'бордюр', 0),
(614, 140, 'альпинарий', 0),
(615, 140, 'рабатка', 0),
(616, 141, 'арабеска', 0),
(617, 141, 'бордюр', 0),
(618, 141, 'альпинарий', 0),
(619, 141, 'рабатка', 0),
(620, 141, 'боскет', 1),
(621, 142, 'альпинарий', 0),
(622, 142, 'флорариум', 1),
(623, 142, 'боскет', 0),
(624, 142, 'арабеска', 0),
(625, 142, 'рокарий', 0),
(626, 143, 'контейнер', 0),
(627, 143, 'мини-теплица', 0),
(628, 143, 'кашпо', 1),
(629, 143, 'террариум', 0),
(630, 143, 'вазон', 0),
(631, 144, 'грубое объедание', 1),
(632, 144, 'дырчатое объедание', 0),
(633, 144, 'скелетирование', 0),
(634, 144, 'минирование', 0),
(635, 144, 'деформация', 0),
(636, 145, 'грубое объедание', 0),
(637, 145, 'дырчатое объедание', 0),
(638, 145, 'скелетирование', 1),
(639, 145, 'минирование', 0),
(640, 145, 'деформация', 0),
(641, 146, 'медведка обыкновенная', 0),
(642, 146, 'бронзовка обыкновенная', 0),
(643, 146, 'гладиолусовый трипс', 1),
(644, 146, 'капустная совка', 0),
(645, 146, 'многоядный минер', 0),
(646, 147, 'семена', 0),
(647, 147, 'почва', 1),
(648, 147, 'паутинное гнездо на ветвях', 0),
(649, 147, 'под корой одревесневших растений', 0),
(650, 147, 'внутри стебля сорняков', 0),
(651, 148, 'азотных', 1),
(652, 148, 'фосфорных', 0),
(653, 148, 'калийных', 0),
(654, 148, 'молибденовых', 0),
(655, 148, 'серных', 0),
(656, 149, 'гладиолусового трипса', 0),
(657, 149, 'елового хермеса', 1),
(658, 149, 'зеленой розанной тли', 0),
(659, 149, 'малой еловой щитовки', 0),
(660, 149, 'мягкокожего клеща', 0),
(661, 150, 'лепидоцид', 0),
(662, 150, 'шторм', 0),
(663, 150, 'зеастимулин', 0),
(664, 150, 'фитоверм', 1),
(665, 150, 'байлетон', 0),
(666, 151, 'налеты', 0),
(667, 151, 'пустулы', 0),
(668, 151, 'израстание', 0),
(669, 151, 'некрозы', 1),
(670, 151, 'вилт', 0),
(671, 152, 'пустулы', 0),
(672, 152, 'налеты', 0),
(673, 152, 'израстание', 0),
(674, 152, 'некрозы', 0),
(675, 152, 'вилт', 1),
(676, 153, 'Peronospora', 1),
(677, 153, 'Rhizoctonia', 0),
(678, 153, 'Sphaerotheca', 0),
(679, 153, 'Ascochyta', 0),
(680, 153, 'Phytophthora', 0),
(681, 154, 'черни', 0),
(682, 154, 'ржавчины', 1),
(683, 154, 'мучнистой росы', 0),
(684, 154, 'ложно-мучнистой росы', 0),
(685, 154, 'аскохитоза', 0),
(686, 155, 'Fusarium', 0),
(687, 155, 'Capnopodium', 1),
(688, 155, 'Sphaerotheca', 0),
(689, 155, 'Rhizoctonia', 0),
(690, 155, 'Colletotrichum', 0),
(691, 156, 'серой гнили', 0),
(692, 156, 'пероноспороза', 0),
(693, 156, 'филлостиктоза', 1),
(694, 156, 'фитофтороза', 0),
(695, 156, 'реверсия', 0),
(696, 157, 'мучнистую росу', 0),
(697, 157, 'желтуху', 1),
(698, 157, 'фузариоз', 0),
(699, 157, 'аскохитоз', 0),
(700, 157, 'бактериальный рак', 0),
(701, 158, 'ржавчины', 0),
(702, 158, 'ложной мучнистой росы', 0),
(703, 158, 'мучнистой росы', 0),
(704, 158, 'фузариоза', 0),
(705, 158, 'серой гнили', 1),
(706, 159, 'лепидоцида', 0),
(707, 159, 'златоглазки', 1),
(708, 159, 'энжио', 0),
(709, 159, 'фитоспорина', 0),
(710, 159, 'жужелицы', 0),
(711, 160, 'применение световой ловушки', 0),
(712, 160, 'перекопка почвы', 0),
(713, 160, 'обработка энжио', 1),
(714, 160, 'выпуск фитосейулюса', 0),
(715, 160, 'использование ультразвука', 0),
(716, 161, 'вспашка почвы', 0),
(717, 161, 'наводняющий выпуск трихограммы', 0),
(718, 161, 'обработка инсектицидом', 0),
(719, 161, 'использование высококачественных семян', 0),
(720, 161, 'подбор растений', 1),
(721, 162, 'опыливание', 0),
(722, 162, 'инкрустация', 0),
(723, 162, 'хемотерапия', 0),
(724, 162, 'опрыскивание', 1),
(725, 162, 'фумигация', 0),
(726, 163, 'актеллик', 0),
(727, 163, 'шторм', 0),
(728, 163, 'нематорин', 0),
(729, 163, 'клерат', 0),
(730, 163, 'превикур энерджи', 1),
(731, 164, 'asd', 1);

-- --------------------------------------------------------

--
-- Table structure for table `question`
--

CREATE TABLE `question` (
  `id` int(11) NOT NULL,
  `test_id` int(11) NOT NULL,
  `question` varchar(255) NOT NULL
) ENGINE=InnoDB DEFAULT CHARSET=utf8;

--
-- Dumping data for table `question`
--

INSERT INTO `question` (`id`, `test_id`, `question`) VALUES
(33, 22, 'К функциональной зоне города относится:'),
(34, 22, 'Территории перспективного развития города, являются государственными землями и используются под развитие селитебной зоны города:'),
(35, 22, 'Зона, предназначенная для размещения предприятий по переработке ТБО, очистных сооружений и других подобных объектов коммунального хозяйства города:'),
(36, 22, 'Территория, включающая городские леса, лесопарки, лесозащитные зоны, водоемы, земли сельскохозяйственного пользования и другие угодья, которые совместно с парками, садами, скверами и бульварами, размещаемыми на селитебной территории, формируют систему отк'),
(37, 22, 'Озелененные защитные территории между производственными объектами и территориями жилой застройки планировочных районов города:'),
(38, 22, 'Городская территория, включающая микрорайоны и кварталы жилой застройки, объекты социального и культурно-бытового обслуживания, административные и другие здания, а также территории зеленых насаждений, локальные точечные участки территорий с коммунальными '),
(39, 22, 'Городская территория, включающая основные действующие предприятия города и коммунальную зону с канализационными очистными сооружениями и отстойником сточных вод:'),
(40, 22, 'Предлагается придать статус особо охраняемой природной территории для сохранения участка природного комплекса города и пригородной зоны:'),
(41, 22, 'Наиболее благоприятная скорость ветра для человека находится в диапазоне:'),
(42, 22, 'К рекреационно-познавательно-культурной зоне г. Астана (г.Нур-Султан) относится:'),
(43, 22, 'К рекреационно-спортивно-соревновательной зоне г. Астана (г.Нур-Султан) относится:'),
(44, 22, 'К рекреационно-спортивно-рыболовной зоне г. Астана (г.Нур-Султан) относится:'),
(45, 22, 'К рекреационно-оздоровительной прогулочной зоне г. Астана (г.Нур-Султан) относится:'),
(46, 22, 'Тип рекреационной зоны, характеризующийся функцией восстановления и развития физического и духовного потенциалов человека, профилактикой заболеваний, снятием производственных, бытовых, нервных и физических утомлений посредством прогулок, созерцанием компо'),
(47, 22, 'Зона города привязанная к местам сосредоточения культурно-исторических памятников, событий и фестивалей, центров народных ремесел и любительского творчества:'),
(48, 22, 'Зона города, включающая обширные территории, пригодные для организации спортивных игр, соревнований, тренировок, купания, прогулок и тематических экскурсий:'),
(49, 22, 'Городская зона с малоизмененными природными комплексами, хорошо оборудованными местами ночлега, хранения инвентаря, пригодная для физических занятий с тренирующим режимом:'),
(50, 22, 'Зона города, предназначена для восстановления и развития физического и духовного потенциалов человека, профилактики заболеваний, предоставляющая возможности для физических занятий с тренирующим режимом и цикла оздоровительных занятий:'),
(51, 23, 'Процесс повышения роли городов, городской культуры в развитии общества, увеличение численности городского населения по сравнению с сельским и «трансляция» сформировавшихся в городах культурных образцов за пределы городов:'),
(52, 23, 'Примером объединения принципов «нового урбанизма», умного роста и зеленого роста является город:'),
(53, 23, 'Формирование в городах специфических растительных сообществ со своеобразным видовым составом объясняется включением в экосистему города:'),
(54, 23, 'Небольшой участок озеленённой территории, значительную поверхность которого занимают камни:'),
(55, 23, 'Участок сада, имитирующий горный ландшафт:'),
(56, 23, 'Использование декоративных растений для оформления больших площадей в парках и на городских улицах на период праздников используют:'),
(57, 23, 'Цветочные поля площадью 10-25 га, созданные около крупных городов с обустройством беседок, прогулочных дорожек, гостиниц и др.:'),
(58, 23, 'Рукотворные ландшафты на склонах вдоль трасс из красиво цветущих растений, создающие определённый аспект цветовой гаммы:'),
(59, 23, 'Выращивание красиво цветущих растений на больших площадях вдоль трасс, вокруг городов и в местах активного отдыха жителей:'),
(60, 23, 'Организация, отвечающая за создание коллекций различных растений, определяющая их региональность и привязанность к природно-климатическим условиям, расширение их адаптационных качеств:'),
(61, 23, 'Открытый для публики участок сада или парка, используемый для представления и выращивания различных видов и сортов роз:'),
(62, 23, 'Собрана коллекция видов и сортов травянистых и кустарниковых пионов, изучаемых с 1950 года, на территории:'),
(63, 23, 'Самое полное собрание сортов выдающегося советского селекционера сирени Л.А. Колесникова собрано на территории:'),
(64, 23, 'Перечень семян для бесплатного научного обмена между ботаническими учреждениями мира:'),
(65, 23, 'Растение гигрофит:'),
(66, 23, 'Растение гидрофит:'),
(67, 23, 'Растение гидатофит:'),
(68, 24, 'Группа травянистых и некоторых древесных растений, которые благодаря высоким декоративным качествам используются для озеленения населенных мест и интерьеров, создания флористических композиций, получения срезочной продукции:'),
(69, 24, 'Основные виды цветочно-декоративных растений (около 2 тыс.) относят к …... семействам'),
(70, 24, 'Декоративные признаки проявляются через …......…. растений.'),
(71, 24, 'Хозяйственно-биологические признаки определяются ………… растений.'),
(72, 24, 'Из цветочно-декоративных культур для срезки используют в свежем виде:'),
(73, 24, 'Из цветочно-декоративных культур для срезки используют в засушенном виде:'),
(74, 24, 'В качестве цветочно-декоративных растений могут использоваться лекарственные, как например:'),
(75, 24, 'Декоративное растение, имеющее пищевое значение:'),
(76, 24, 'Первые цветочно-декоративные растения, сведения о которых имеются в исторических памятниках:'),
(77, 24, 'В Средние века розы были завезены из …… во Францию, откуда быстро распространились по странам Европы.'),
(78, 24, 'Контрактильные корни характерны для:'),
(79, 24, 'Видоизмененный подземный побег, который может нарастать горизонтально или вертикально, с чешуевидными листьями и почками в их пазухах и на конце побега:'),
(80, 24, 'Растение, выращиваемое в зимнее время в умеренно теплых оранжереях с температурой от +8 до +15°С:'),
(81, 24, 'Чередование выращиваемых в оранжереях культур, обеспечивающее наиболее эффективное использование производственных площадей, материальных и трудовых ресурсов, выполнение регулярного выпуска продукции:'),
(82, 24, 'В оранжереях выращивают сезонноцветущую культуру:'),
(83, 24, 'В оранжереях выращивают растение для выгонки:'),
(84, 25, 'К группе сциофитов относится:'),
(85, 25, 'К группе теневыносливых культур относится:'),
(86, 25, 'К группе светолюбивых культур относится:'),
(87, 25, 'Способность растений переходить к цветению только при определенном соотношении длины темного и светлого периодов суток:'),
(88, 25, 'Растения, произрастающие на открытых местах и не выносящие затенения:'),
(89, 25, 'Растения, которые переносят в период вегетации низкие положительные температуры от 1 до 3°С и кратковременные заморозки до -1...-3°С, относятся к группе:'),
(90, 25, 'Растения, которые не переносят в период вегетации даже кратковременного понижения температуры до 0-1°С:'),
(91, 25, 'Оптимальная температура для роста теплолюбивых растений:'),
(92, 25, 'Оптимальная температура для роста холодостойких растений:'),
(93, 25, 'Ночная температура для большинства цветочных культур должна быть ниже на ………, чем днем:'),
(94, 25, 'Распускание бутонов тюльпанов и нарциссов при выгонке стимулируют повышением температуры в оранжереях до 20°С, а после окрашивания бутонов ее снижают до …………..., что позволяет продлить цветение и сроки реализации продукции.'),
(95, 25, 'Подкормки растений углекислотой увеличивают урожайность цветов на ………., улучшают их качество, ускоряют цветение, повышают выход черенков с маточных растений.'),
(96, 25, 'Земля, состоящая из перепревших листьев древесных растений:'),
(97, 25, 'Земля, заготавливаемая на лугах с дерновыми почвами, которые богаты перегноем, известью и зольными элементами питания растений:'),
(98, 25, 'Для дезинфекции почвы можно использовать биологический фунгицид:'),
(99, 25, 'К группе малотребовательных цветочных растений по отношению к элементам питания относится:'),
(100, 25, 'Растение нейтральных почв (рН от 6  до 7):'),
(101, 25, 'Растение сильнокислых почв (рН от 4,5 и ниже):'),
(102, 25, 'Наиболее распространенным органическим субстратом, который заменяет  почву:'),
(103, 25, 'К маловлагоемким субстратам относят:'),
(104, 26, 'При семенном воспроизводстве не сохраняется сортовые признаки:'),
(105, 26, 'Растение, у которого при семенном размножении цветение наступает через 5-7 лет:'),
(106, 26, 'К предпосевной обработке семян относится:'),
(107, 26, 'Длительное содержание семян во влажном песке при температуре 0-6°С:'),
(108, 26, 'Прием, благодаря которому увеличивается площадь питания растений, улучшается световой и воздушный режим:'),
(109, 26, 'Пикировку растений можно проводить:'),
(110, 26, 'К декоративным растениям, плохо переносящим пересадку, относят:'),
(111, 26, 'Семена декоративно-цветочных культур крупных размеров заделывают на глубину …….. см.'),
(112, 26, 'Семена декоративно-цветочных культур средних размеров заделывают на глубину …….. см.'),
(113, 26, 'Для создания оптимальных условий увлажнения для посевов декоративных культур:'),
(114, 26, 'Заключение семян в оболочку специального состава, благодаря которой повышаются посевные качества и защита от заболеваний и неблагоприятных внешних воздействий:'),
(115, 26, 'Весовое количество семян, расходуемых на единицу площади, которая зависит от размеров и весовых характеристик семян:'),
(116, 26, 'Вегетативным способом размножают:'),
(117, 26, 'Для размножения …….. используют, формирующиеся дочерние луковицы (детки):'),
(118, 26, 'Для размножения …….. используют искусственное деление клубней:'),
(119, 26, 'Искусственное деление клубней проводят:'),
(120, 26, 'После искусственного деления клубней декоративных растений для предотвращения проникновения инфекции срезы обрабатывают:'),
(121, 26, 'Способ вегетативного размножения характерный для растений, образующих в пазухах листьев специализированные, горизонтально растущие стеблевые побеги, которые формируют способные обособляться дочерние растения:'),
(122, 26, 'Побеги, которые укореняются без отделения их от материнского растения:'),
(123, 26, 'Искусственное соединение частей различных растений, при срастании которых образуется новое растение с генетически разнородными органами:'),
(124, 27, 'Покрытие (сплошное или в междурядьях) почвы перегноем, торфом, компостной землей, перепревшими листьями или соломенной сечкой (слой не менее 3-5 см):'),
(125, 27, 'Агроприем, с помощью которого регулируется минеральное питание растений:'),
(126, 27, 'Гербициды, способные после проникновения в растение перемещаться по флоэме и ксилеме:'),
(127, 27, 'Уничтожение сорной растительности механическим путем или с использованием гербицидов:'),
(128, 27, 'Перенесение растения в горшок большего диаметра без нарушения целостности земляного кома с целью увеличения площади питания растения и улучшения условий его роста:'),
(129, 27, 'Агротехнический прием по уходу за растениями, который называют «сухим поливом»:'),
(130, 27, 'Обрезка (укорачивание) верхушек побегов с целью формирования кроны или регулирования сроков цветения:'),
(131, 27, 'Удаление верхушки молодого побега для задержки роста побега с целью ускорить процесс одревеснения или усилить рост других побегов:'),
(132, 27, 'Толщина мульчирующего слоя почвы:'),
(133, 27, 'Прием, который способствует образованию большого числа боковых побегов и формированию компактных растений определенной формы, позволяет регулировать цветение некоторых растений и омолаживать их:'),
(134, 27, 'Прием, способствующий укорачиванию не отдельных побегов растения, а большинства из них, который проводится для достижения нужной плотности размещения побегов и придания растению желаемой высоты и формы:'),
(135, 27, 'Удаление пазушных побегов, прежде всего слабых или плохо цветущих, или боковых бутонов для усиления развития нескольких основных цветков или соцветий:'),
(136, 27, 'Органические соединения, вызывающие стимуляцию или ингибирование (подавление) роста и морфогенеза растений:'),
(137, 27, 'Линейная посадка низкорослых растений (цветущие кустарники, декоративно-лиственные травы, однолетники или многолетники) шириной 30-50 см по контуру клумбы, газона, вдоль дорожки:'),
(138, 27, 'Цветник в виде цветочной полосы (ширина 50-250 см, длина 1-25 м) из одного или нескольких видов летников, луковичных, ковровых, лиственно-декоративных растений, размещаемой вдоль аллей, оград, дорожек:'),
(139, 27, 'Сложный декоративный цветник в виде растительного орнамента либо переплетения геометрических узоров:'),
(140, 27, 'Компактный многоцветный цветник правильной геометрической формы (круглой, квадратной, прямоугольной, овальной, ромбической):'),
(141, 27, 'Группа деревьев или кустарников, подстриженных так, что их кроны образуют стены'),
(142, 27, 'Особая форма озеленения интерьеров, представляющая собой остекленную витрину с растениями'),
(143, 27, 'Емкость со сплошным водонепроницаемым дном, в которую вставляют цветочный горшок:'),
(144, 28, 'Беспорядочное объедание листьев различными насекомыми, при этом повреждение часто начинается с краев листа:'),
(145, 28, 'Выедается мягкая ткань с одной или с обеих сторон листа, жилки, даже очень тонкие, при этом остаются нетронутыми:'),
(146, 28, 'Насекомое поражает листья, бутоны и цветки, в результате на листьях появляются мелкие светлые пятна в виде штрихов и мелкие темные экскрименты, а бутоны теряют окраску и усыхают:'),
(147, 28, 'Место зимовки гладиолусового трипса:'),
(148, 28, 'Часто причиной появления тли на розах является передозировка …... удобрений и отсутствие дождей:'),
(149, 28, 'В результате питания …………. хвоинки видоизменяются в мясистые чешуи и все основание побега превращается в галл, имеющий вид еловой шишки, чешуи которой сливаются между собой и бывают бархатисто-зеленого цвета с волосистыми красноватыми или желтоватыми края'),
(150, 28, 'Препарат ……….. эффективен для защиты роз от паутинного клеща.'),
(151, 28, 'Отмершие, обычно сухие участки растения, резко отграниченные от здоровой ткани; чаще всего в них локализован возбудитель заболевания:'),
(152, 28, 'Потеря тургора, возникающая в результате поражения корневой или проводящей системы и отравления клеток токсинами:'),
(153, 28, 'Возбудителем ложной мучнистой росы, или пероноспороза, является гриб из рода:'),
(154, 28, 'На верхней поверхности листа появляются оранжево-коричневые бугорки, а с обратной стороны листа видны пустулы, овальной или круглой формы; постепенно пятна перерастают в полосы, листья желтеют и опадают — это симптомы:'),
(155, 28, 'Гриб из рода ………., поселяется на выделениях тлей, белокрылки, мучнистого червеца, и появляется в виде сухой сажистой пленки на лаврах.'),
(156, 28, 'На листьях появляются темные округлые или овальные пятна с более темной каймой по границе со здоровой тканью; часто пораженная ткань выпадает, и лист становится продырявленным — это симптомы:'),
(157, 28, 'Микоплазмы вызывают ……… на декоративных цветах.'),
(158, 28, 'Поврежденные участки ткани буреют, размягчаются и загнивают; на их месте образуется густой серый налет мицелия - это симптомы:'),
(159, 28, 'Биологический метод борьбы с оранжерейной тлей предполагает использование:'),
(160, 28, 'Химический метод борьбы с малой еловой ложнощитовкой:'),
(161, 28, 'Организационно-хозяйственное мероприятие по защите декоративных культур:'),
(162, 28, 'Способ нанесения пестицидов на обрабатываемую поверхность в капельно-жидком состоянии в виде растворов, эмульсий или суспензий:'),
(163, 28, 'Для защиты декоративных культур от прикорневых гнилей используют:');

-- --------------------------------------------------------

--
-- Table structure for table `results`
--

CREATE TABLE `results` (
  `id` int(11) NOT NULL,
  `test_id` int(11) NOT NULL,
  `score_min` int(11) NOT NULL,
  `score_max` int(11) NOT NULL,
  `result` text NOT NULL
) ENGINE=InnoDB DEFAULT CHARSET=utf8;

--
-- Dumping data for table `results`
--

INSERT INTO `results` (`id`, `test_id`, `score_min`, `score_max`, `result`) VALUES
(19, 22, 0, 5, 'Плохо'),
(20, 22, 6, 12, 'Удов.'),
(21, 22, 13, 18, 'Хорошо'),
(22, 23, 0, 5, 'Плохо'),
(23, 23, 6, 12, 'Удов.'),
(24, 23, 13, 17, 'Хорошо'),
(25, 24, 0, 5, 'Плохо'),
(26, 24, 6, 12, 'Удов.'),
(27, 24, 13, 16, 'Хорошо'),
(28, 25, 0, 8, 'Плохо'),
(29, 25, 9, 15, 'Удов.'),
(30, 25, 16, 20, 'Хорошо'),
(31, 26, 0, 7, 'Плохо'),
(32, 26, 8, 15, 'Удов.'),
(33, 26, 16, 20, 'Хорошо'),
(34, 27, 0, 7, 'Плохо'),
(35, 27, 8, 14, 'Удов.'),
(36, 27, 15, 20, 'Хорошо'),
(37, 28, 0, 8, 'Плохо'),
(38, 28, 9, 15, 'Удов'),
(39, 28, 16, 20, 'Хорошо');

-- --------------------------------------------------------

--
-- Table structure for table `tests`
--

CREATE TABLE `tests` (
  `id` int(11) NOT NULL,
  `title` varchar(255) NOT NULL,
  `text_id` int(255) DEFAULT NULL
) ENGINE=InnoDB DEFAULT CHARSET=utf8;

--
-- Dumping data for table `tests`
--

INSERT INTO `tests` (`id`, `title`, `text_id`) VALUES
(22, 'Тест по главе \"Рекреационные зоны и их полифункциональность\"', 30069),
(23, 'Тест по главе \"Современные концепции зеленого градостроительства\"', 30273),
(24, 'Тест по главе \"Аспекты формирования растительности декоративных местообитаний\"', 30404),
(25, 'Тест по главе \"Условия выращивания цветочных культур\"', 30605),
(26, 'Тест по главе \"Посевные качества семян и размножение декоративных цветочных культур \"', 30702),
(27, 'Тест по главе \"Уход за декоративными культурами и приемы их использования в озеленении\"', 30857),
(28, 'Тест по главе \"Вредители и болезни цветочных декоративных культур и меры борьбы с ними\"', 31378);

-- --------------------------------------------------------

--
-- Table structure for table `user_result`
--

CREATE TABLE `user_result` (
  `id` int(11) NOT NULL,
  `test_id` int(255) NOT NULL,
  `user_id` int(255) NOT NULL,
  `result` int(11) NOT NULL,
  `array_result` json DEFAULT NULL,
  `max_result` int(255) NOT NULL,
  `datetime_test` datetime DEFAULT NULL
) ENGINE=InnoDB DEFAULT CHARSET=utf8;

--
-- Dumping data for table `user_result`
--

INSERT INTO `user_result` (`id`, `test_id`, `user_id`, `result`, `array_result`, `max_result`, `datetime_test`) VALUES
(10, 22, 3, 4, '{\"1\": \"0\", \"2\": \"1\", \"3\": \"0\", \"4\": \"0\", \"5\": \"0\", \"6\": \"0\", \"7\": \"1\", \"8\": \"0\", \"9\": \"0\", \"10\": \"0\", \"11\": \"0\", \"12\": \"0\", \"13\": \"0\", \"14\": \"1\", \"15\": \"0\", \"16\": \"1\", \"17\": \"0\", \"18\": \"0\"}', 18, '2022-06-07 16:45:31'),
(11, 22, 3, 4, '{\"1\": \"0\", \"2\": \"1\", \"3\": \"0\", \"4\": \"0\", \"5\": \"0\", \"6\": \"0\", \"7\": \"1\", \"8\": \"0\", \"9\": \"0\", \"10\": \"0\", \"11\": \"0\", \"12\": \"0\", \"13\": \"0\", \"14\": \"1\", \"15\": \"0\", \"16\": \"1\", \"17\": \"0\", \"18\": \"0\"}', 18, '2022-06-07 16:45:50'),
(12, 24, 3, 2, '{\"1\": \"0\", \"2\": \"0\", \"3\": \"0\", \"4\": \"0\", \"5\": \"1\", \"6\": \"0\", \"7\": \"0\", \"8\": \"0\", \"9\": \"0\", \"10\": \"0\", \"11\": \"0\", \"12\": \"1\", \"13\": \"0\", \"14\": \"0\", \"15\": \"0\", \"16\": \"0\"}', 16, '2022-06-07 19:37:01'),
(13, 23, 8, 5, '{\"1\": \"1\", \"2\": \"0\", \"3\": \"1\", \"4\": \"0\", \"5\": \"0\", \"6\": \"0\", \"7\": \"0\", \"8\": \"0\", \"9\": \"1\", \"10\": \"0\", \"11\": \"0\", \"12\": \"0\", \"13\": \"1\", \"14\": \"0\", \"15\": \"0\", \"16\": \"1\", \"17\": \"0\"}', 17, '2022-06-07 19:40:04');

--
-- Indexes for dumped tables
--

--
-- Indexes for table `answer`
--
ALTER TABLE `answer`
  ADD PRIMARY KEY (`id`);

--
-- Indexes for table `question`
--
ALTER TABLE `question`
  ADD PRIMARY KEY (`id`);

--
-- Indexes for table `results`
--
ALTER TABLE `results`
  ADD PRIMARY KEY (`id`);

--
-- Indexes for table `tests`
--
ALTER TABLE `tests`
  ADD PRIMARY KEY (`id`);

--
-- Indexes for table `user_result`
--
ALTER TABLE `user_result`
  ADD PRIMARY KEY (`id`);

--
-- AUTO_INCREMENT for dumped tables
--

--
-- AUTO_INCREMENT for table `answer`
--
ALTER TABLE `answer`
  MODIFY `id` int(11) NOT NULL AUTO_INCREMENT, AUTO_INCREMENT=732;

--
-- AUTO_INCREMENT for table `question`
--
ALTER TABLE `question`
  MODIFY `id` int(11) NOT NULL AUTO_INCREMENT, AUTO_INCREMENT=165;

--
-- AUTO_INCREMENT for table `results`
--
ALTER TABLE `results`
  MODIFY `id` int(11) NOT NULL AUTO_INCREMENT, AUTO_INCREMENT=41;

--
-- AUTO_INCREMENT for table `tests`
--
ALTER TABLE `tests`
  MODIFY `id` int(11) NOT NULL AUTO_INCREMENT, AUTO_INCREMENT=30;

--
-- AUTO_INCREMENT for table `user_result`
--
ALTER TABLE `user_result`
  MODIFY `id` int(11) NOT NULL AUTO_INCREMENT, AUTO_INCREMENT=14;
COMMIT;

/*!40101 SET CHARACTER_SET_CLIENT=@OLD_CHARACTER_SET_CLIENT */;
/*!40101 SET CHARACTER_SET_RESULTS=@OLD_CHARACTER_SET_RESULTS */;
/*!40101 SET COLLATION_CONNECTION=@OLD_COLLATION_CONNECTION */;
